Afraid/Afraid_10.mp4	0
Afraid/Afraid_11.mp4	0
Afraid/Afraid_12.mp4	0
Afraid/Afraid_13.mp4	0
Afraid/Afraid_14.mp4	0
Afraid/Afraid_15.mp4	0
Afraid/Afraid_7.mp4	0
Afraid/Afraid_8.mp4	0
Afraid/Afraid_9.mp4	0
Afraid/afraid_1.mp4	0
Afraid/afraid_2.mp4	0
Afraid/afraid_3.mp4	0
Afraid/afraid_4.mp4	0
Afraid/afraid_5.mp4	0
Afraid/afraid_6.mp4	0
Angry/Angry_10.mp4	1
Angry/Angry_11.mp4	1
Angry/Angry_12.mp4	1
Angry/Angry_13.mp4	1
Angry/Angry_14.mp4	1
Angry/Angry_15.mp4	1
Angry/Angry_7.mp4	1
Angry/Angry_8.mp4	1
Angry/Angry_9.mp4	1
Angry/angry_1.mp4	1
Angry/angry_2.mp4	1
Angry/angry_3.mp4	1
Angry/angry_4.mp4	1
Angry/angry_5.mp4	1
Angry/angry_6.mp4	1
Autumn/Autumn_10.mp4	2
Autumn/Autumn_11.mp4	2
Autumn/Autumn_12.mp4	2
Autumn/Autumn_13.mp4	2
Autumn/Autumn_14.mp4	2
Autumn/Autumn_15.mp4	2
Autumn/Autumn_7.mp4	2
Autumn/Autumn_8.mp4	2
Autumn/autumn_1.mp4	2
Autumn/autumn_2.mp4	2
Autumn/autumn_3.mp4	2
Autumn/autumn_4.mp4	2
Autumn/autumn_5.mp4	2
Autumn/autumn_6.mp4	2
Autumn/autumn_9.mp4	2
best/best_1.mp4	3
best/best_10.mp4	3
best/best_11.mp4	3
best/best_12.mp4	3
best/best_13.mp4	3
best/best_14.mp4	3
best/best_15.mp4	3
best/best_2.mp4	3
best/best_3.mp4	3
best/best_4.mp4	3
best/best_5.mp4	3
best/best_6.mp4	3
best/best_7.mp4	3
best/best_8.mp4	3
best/best_9.mp4	3
body/body_1.mp4	4
body/body_10.mp4	4
body/body_11.mp4	4
body/body_12.mp4	4
body/body_13.mp4	4
body/body_14.mp4	4
body/body_15.mp4	4
body/body_2.mp4	4
body/body_3.mp4	4
body/body_4.mp4	4
body/body_5.mp4	4
body/body_6.mp4	4
body/body_7.mp4	4
body/body_8.mp4	4
body/body_9.mp4	4
brother_or_sister/brother_or_sister_1.mp4	5
brother_or_sister/brother_or_sister_10.mp4	5
brother_or_sister/brother_or_sister_11.mp4	5
brother_or_sister/brother_or_sister_12.mp4	5
brother_or_sister/brother_or_sister_13.mp4	5
brother_or_sister/brother_or_sister_14.mp4	5
brother_or_sister/brother_or_sister_15.mp4	5
brother_or_sister/brother_or_sister_2.mp4	5
brother_or_sister/brother_or_sister_3.mp4	5
brother_or_sister/brother_or_sister_4.mp4	5
brother_or_sister/brother_or_sister_5.mp4	5
brother_or_sister/brother_or_sister_6.mp4	5
brother_or_sister/brother_or_sister_7.mp4	5
brother_or_sister/brother_or_sister_8.mp4	5
brother_or_sister/brother_or_sister_9.mp4	5
Car/Car_10.mp4	6
Car/Car_11.mp4	6
Car/Car_12.mp4	6
Car/Car_13.mp4	6
Car/Car_14.mp4	6
Car/Car_15.mp4	6
Car/Car_7.mp4	6
Car/Car_8.mp4	6
Car/Car_9.mp4	6
Car/car_1.mp4	6
Car/car_2.mp4	6
Car/car_3.mp4	6
Car/car_4.mp4	6
Car/car_5.mp4	6
Car/car_6.mp4	6
Come/Come_10.mp4	7
Come/Come_11.mp4	7
Come/Come_12.mp4	7
Come/Come_13.mp4	7
Come/Come_14.mp4	7
Come/Come_15.mp4	7
Come/Come_7.mp4	7
Come/Come_8.mp4	7
Come/Come_9.mp4	7
Come/come_1.mp4	7
Come/come_2.mp4	7
Come/come_3.mp4	7
Come/come_4.mp4	7
Come/come_5.mp4	7
Come/come_6.mp4	7
Down/Down_10.mp4	8
Down/Down_11.mp4	8
Down/Down_12.mp4	8
Down/Down_13.mp4	8
Down/Down_14.mp4	8
Down/Down_15.mp4	8
Down/Down_7.mp4	8
Down/Down_8.mp4	8
Down/Down_9.mp4	8
Down/down_1.mp4	8
Down/down_2.mp4	8
Down/down_3.mp4	8
Down/down_4.mp4	8
Down/down_5.mp4	8
Down/down_6.mp4	8
Drink/Drink_10.mp4	9
Drink/Drink_11.mp4	9
Drink/Drink_12.mp4	9
Drink/Drink_13.mp4	9
Drink/Drink_14.mp4	9
Drink/Drink_15.mp4	9
Drink/Drink_7.mp4	9
Drink/Drink_8.mp4	9
Drink/Drink_9.mp4	9
Drink/drink_1.mp4	9
Drink/drink_2.mp4	9
Drink/drink_3.mp4	9
Drink/drink_4.mp4	9
Drink/drink_5.mp4	9
Drink/drink_6.mp4	9
Eat/Eat_10.mp4	10
Eat/Eat_11.mp4	10
Eat/Eat_12.mp4	10
Eat/Eat_13.mp4	10
Eat/Eat_14.mp4	10
Eat/Eat_15.mp4	10
Eat/Eat_7.mp4	10
Eat/Eat_8.mp4	10
Eat/Eat_9.mp4	10
Eat/eat_1.mp4	10
Eat/eat_2.mp4	10
Eat/eat_3.mp4	10
Eat/eat_4.mp4	10
Eat/eat_5.mp4	10
Eat/eat_6.mp4	10
Father/Father_1.mp4	11
Father/Father_10.mp4	11
Father/Father_11.mp4	11
Father/Father_12.mp4	11
Father/Father_13.mp4	11
Father/Father_14.mp4	11
Father/Father_15.mp4	11
Father/Father_2.mp4	11
Father/Father_3.mp4	11
Father/Father_4.mp4	11
Father/Father_5.mp4	11
Father/Father_6.mp4	11
Father/Father_7.mp4	11
Father/Father_8.mp4	11
Father/father_9.mp4	11
Five/Five_1.mp4	12
Five/Five_10.mp4	12
Five/Five_11.mp4	12
Five/Five_12.mp4	12
Five/Five_13.mp4	12
Five/Five_14.mp4	12
Five/Five_15.mp4	12
Five/Five_2.mp4	12
Five/Five_3.mp4	12
Five/Five_4.mp4	12
Five/Five_5.mp4	12
Five/Five_6.mp4	12
Five/Five_7.mp4	12
Five/Five_9.mp4	12
food/food_1.mp4	13
food/food_10.mp4	13
food/food_11.mp4	13
food/food_12.mp4	13
food/food_13.mp4	13
food/food_14.mp4	13
food/food_15.mp4	13
food/food_2.mp4	13
food/food_3.mp4	13
food/food_4.mp4	13
food/food_5.mp4	13
food/food_6.mp4	13
food/food_7.mp4	13
food/food_8.mp4	13
food/food_9.mp4	13
Forward/Forward_1.mp4	14
Forward/Forward_10.mp4	14
Forward/Forward_11.mp4	14
Forward/Forward_12.mp4	14
Forward/Forward_13.mp4	14
Forward/Forward_14.mp4	14
Forward/Forward_15.mp4	14
Forward/Forward_2.mp4	14
Forward/Forward_3.mp4	14
Forward/Forward_4.mp4	14
Forward/Forward_5.mp4	14
Forward/Forward_6.mp4	14
Forward/Forward_7.mp4	14
Forward/Forward_8.mp4	14
Forward/Forward_9.mp4	14
Four/Four_1.mp4	15
Four/Four_10.mp4	15
Four/Four_11.mp4	15
Four/Four_12.mp4	15
Four/Four_13.mp4	15
Four/Four_14.mp4	15
Four/Four_15.mp4	15
Four/Four_2.mp4	15
Four/Four_3.mp4	15
Four/Four_4.mp4	15
Four/Four_5.mp4	15
Four/Four_6.mp4	15
Four/Four_7.mp4	15
Four/Four_8.mp4	15
Four/Four_9.mp4	15
free/Free_6.mp4	16
free/free_1.mp4	16
free/free_10.mp4	16
free/free_11.mp4	16
free/free_12.mp4	16
free/free_13.mp4	16
free/free_14.mp4	16
free/free_15.mp4	16
free/free_2.mp4	16
free/free_3.mp4	16
free/free_4.mp4	16
free/free_5.mp4	16
free/free_7.mp4	16
free/free_8.mp4	16
free/free_9.mp4	16
Friday/Friday_1.mp4	17
Friday/Friday_10.mp4	17
Friday/Friday_11.mp4	17
Friday/Friday_12.mp4	17
Friday/Friday_13.mp4	17
Friday/Friday_14.mp4	17
Friday/Friday_15.mp4	17
Friday/Friday_2.mp4	17
Friday/Friday_3.mp4	17
Friday/Friday_4.mp4	17
Friday/Friday_5.mp4	17
Friday/Friday_6.mp4	17
Friday/Friday_7.mp4	17
Friday/Friday_8.mp4	17
Friday/Friday_9.mp4	17
Go/Go_1.mp4	18
Go/Go_10.mp4	18
Go/Go_11.mp4	18
Go/Go_12.mp4	18
Go/Go_13.mp4	18
Go/Go_14.mp4	18
Go/Go_15.mp4	18
Go/Go_2.mp4	18
Go/Go_3.mp4	18
Go/Go_4.mp4	18
Go/Go_5.mp4	18
Go/Go_6.mp4	18
Go/Go_7.mp4	18
Go/Go_8.mp4	18
Go/Go_9.mp4	18
Happy/Happy_1.mp4	19
Happy/Happy_10.mp4	19
Happy/Happy_11.mp4	19
Happy/Happy_12.mp4	19
Happy/Happy_13.mp4	19
Happy/Happy_14.mp4	19
Happy/Happy_15.mp4	19
Happy/Happy_2.mp4	19
Happy/Happy_3.mp4	19
Happy/Happy_4.mp4	19
Happy/Happy_5.mp4	19
Happy/Happy_6.mp4	19
Happy/Happy_7.mp4	19
Happy/Happy_8.mp4	19
Happy/Happy_9.mp4	19
He_or_she/He_or_she_1.mp4	20
He_or_she/He_or_she_10.mp4	20
He_or_she/He_or_she_11.mp4	20
He_or_she/He_or_she_12.mp4	20
He_or_she/He_or_she_13.mp4	20
He_or_she/He_or_she_14.mp4	20
He_or_she/He_or_she_15.mp4	20
He_or_she/He_or_she_2.mp4	20
He_or_she/He_or_she_3.mp4	20
He_or_she/He_or_she_4.mp4	20
He_or_she/He_or_she_5.mp4	20
He_or_she/He_or_she_6.mp4	20
He_or_she/He_or_she_7.mp4	20
He_or_she/He_or_she_8.mp4	20
He_or_she/He_or_she_9.mp4	20
Healthy/Healthy_1.mp4	21
Healthy/Healthy_10.mp4	21
Healthy/Healthy_11.mp4	21
Healthy/Healthy_12.mp4	21
Healthy/Healthy_13.mp4	21
Healthy/Healthy_14.mp4	21
Healthy/Healthy_15.mp4	21
Healthy/Healthy_2.mp4	21
Healthy/Healthy_3.mp4	21
Healthy/Healthy_4.mp4	21
Healthy/Healthy_5.mp4	21
Healthy/Healthy_6.mp4	21
Healthy/Healthy_7.mp4	21
Healthy/Healthy_8.mp4	21
Healthy/Healthy_9.mp4	21
Hear/Hear_1.mp4	22
Hear/Hear_10.mp4	22
Hear/Hear_11.mp4	22
Hear/Hear_13.mp4	22
Hear/Hear_14.mp4	22
Hear/Hear_15.mp4	22
Hear/Hear_2.mp4	22
Hear/Hear_3.mp4	22
Hear/Hear_4.mp4	22
Hear/Hear_5.mp4	22
Hear/Hear_6.mp4	22
Hear/Hear_7.mp4	22
Hear/Hear_8.mp4	22
Hear/Hear_9.mp4	22
Hear/hear_12.mp4	22
hi/Hi_7.mp4	23
hi/Hi_8.mp4	23
hi/Hi_9.mp4	23
hi/hi_1.mp4	23
hi/hi_10.mp4	23
hi/hi_11.mp4	23
hi/hi_12.mp4	23
hi/hi_13.mp4	23
hi/hi_14.mp4	23
hi/hi_15.mp4	23
hi/hi_2.mp4	23
hi/hi_3.mp4	23
hi/hi_4.mp4	23
hi/hi_5.mp4	23
hi/hi_6.mp4	23
Home/Home_1.mp4	24
Home/Home_10.mp4	24
Home/Home_11.mp4	24
Home/Home_12.mp4	24
Home/Home_13.mp4	24
Home/Home_14.mp4	24
Home/Home_15.mp4	24
Home/Home_2.mp4	24
Home/Home_3.mp4	24
Home/Home_4.mp4	24
Home/Home_5.mp4	24
Home/Home_6.mp4	24
Home/Home_7.mp4	24
Home/Home_8.mp4	24
Home/Home_9.mp4	24
Hospital/Hospital_1.mp4	25
Hospital/Hospital_10.mp4	25
Hospital/Hospital_11.mp4	25
Hospital/Hospital_12.mp4	25
Hospital/Hospital_13.mp4	25
Hospital/Hospital_14.mp4	25
Hospital/Hospital_15.mp4	25
Hospital/Hospital_2.mp4	25
Hospital/Hospital_3.mp4	25
Hospital/Hospital_4.mp4	25
Hospital/Hospital_5.mp4	25
Hospital/Hospital_6.mp4	25
Hospital/Hospital_7.mp4	25
Hospital/Hospital_8.mp4	25
Hospital/Hospital_9.mp4	25
I/I_1.mp4	26
I/I_10.mp4	26
I/I_11.mp4	26
I/I_12.mp4	26
I/I_13.mp4	26
I/I_14.mp4	26
I/I_15.mp4	26
I/I_2.mp4	26
I/I_3.mp4	26
I/I_4.mp4	26
I/I_5.mp4	26
I/I_6.mp4	26
I/I_7.mp4	26
I/I_8.mp4	26
I/I_9.mp4	26
Internet/Internet_1.mp4	27
Internet/Internet_10.mp4	27
Internet/Internet_11.mp4	27
Internet/Internet_12.mp4	27
Internet/Internet_13.mp4	27
Internet/Internet_14.mp4	27
Internet/Internet_15.mp4	27
Internet/Internet_2.mp4	27
Internet/Internet_3.mp4	27
Internet/Internet_4.mp4	27
Internet/Internet_5.mp4	27
Internet/Internet_6.mp4	27
Internet/Internet_7.mp4	27
Internet/Internet_8.mp4	27
Internet/Internet_9.mp4	27
Left/Left_1.mp4	28
Left/Left_10.mp4	28
Left/Left_11.mp4	28
Left/Left_12.mp4	28
Left/Left_13.mp4	28
Left/Left_14.mp4	28
Left/Left_15.mp4	28
Left/Left_2.mp4	28
Left/Left_3.mp4	28
Left/Left_4.mp4	28
Left/Left_5.mp4	28
Left/Left_6.mp4	28
Left/Left_7.mp4	28
Left/Left_8.mp4	28
Left/Left_9.mp4	28
Medicine/Medicine_1.mp4	29
Medicine/Medicine_10.mp4	29
Medicine/Medicine_11.mp4	29
Medicine/Medicine_12.mp4	29
Medicine/Medicine_13.mp4	29
Medicine/Medicine_14.mp4	29
Medicine/Medicine_15.mp4	29
Medicine/Medicine_2.mp4	29
Medicine/Medicine_3.mp4	29
Medicine/Medicine_4.mp4	29
Medicine/Medicine_5.mp4	29
Medicine/Medicine_6.mp4	29
Medicine/Medicine_7.mp4	29
Medicine/Medicine_8.mp4	29
Medicine/Medicine_9.mp4	29
meet/Meet_11.mp4	30
meet/Meet_4.mp4	30
meet/Meet_5.mp4	30
meet/Meet_6.mp4	30
meet/Meet_7.mp4	30
meet/Meet_8.mp4	30
meet/Meet_9.mp4	30
meet/meet_1.mp4	30
meet/meet_10.mp4	30
meet/meet_12.mp4	30
meet/meet_13.mp4	30
meet/meet_14.mp4	30
meet/meet_15.mp4	30
meet/meet_2.mp4	30
meet/meet_3.mp4	30
Mobile_phone/Mobile_phone_1.mp4	31
Mobile_phone/Mobile_phone_10.mp4	31
Mobile_phone/Mobile_phone_12.mp4	31
Mobile_phone/Mobile_phone_13.mp4	31
Mobile_phone/Mobile_phone_14.mp4	31
Mobile_phone/Mobile_phone_15.mp4	31
Mobile_phone/Mobile_phone_2.mp4	31
Mobile_phone/Mobile_phone_3.mp4	31
Mobile_phone/Mobile_phone_4.mp4	31
Mobile_phone/Mobile_phone_5.mp4	31
Mobile_phone/Mobile_phone_6.mp4	31
Mobile_phone/Mobile_phone_7.mp4	31
Mobile_phone/Mobile_phone_8.mp4	31
Mobile_phone/Mobile_phone_9.mp4	31
Monday/Monday_1.mp4	32
Monday/Monday_10.mp4	32
Monday/Monday_11.mp4	32
Monday/Monday_12.mp4	32
Monday/Monday_13.mp4	32
Monday/Monday_14.mp4	32
Monday/Monday_15.mp4	32
Monday/Monday_2.mp4	32
Monday/Monday_3.mp4	32
Monday/Monday_4.mp4	32
Monday/Monday_5.mp4	32
Monday/Monday_6.mp4	32
Monday/Monday_7.mp4	32
Monday/Monday_8.mp4	32
Monday/Monday_9.mp4	32
Mother/Mother_1.mp4	33
Mother/Mother_10.mp4	33
Mother/Mother_11.mp4	33
Mother/Mother_12.mp4	33
Mother/Mother_13.mp4	33
Mother/Mother_14.mp4	33
Mother/Mother_15.mp4	33
Mother/Mother_2.mp4	33
Mother/Mother_3.mp4	33
Mother/Mother_4.mp4	33
Mother/Mother_5.mp4	33
Mother/Mother_6.mp4	33
Mother/Mother_7.mp4	33
Mother/Mother_8.mp4	33
Mother/Mother_9.mp4	33
One/One_1.mp4	34
One/One_10.mp4	34
One/One_11.mp4	34
One/One_12.mp4	34
One/One_13.mp4	34
One/One_14.mp4	34
One/One_15.mp4	34
One/One_2.mp4	34
One/One_3.mp4	34
One/One_4.mp4	34
One/One_5.mp4	34
One/One_6.mp4	34
One/One_7.mp4	34
One/One_8.mp4	34
One/One_9.mp4	34
other/other_1.mp4	35
other/other_10.mp4	35
other/other_11.mp4	35
other/other_12.mp4	35
other/other_13.mp4	35
other/other_14.mp4	35
other/other_15.mp4	35
other/other_2.mp4	35
other/other_3.mp4	35
other/other_4.mp4	35
other/other_5.mp4	35
other/other_6.mp4	35
other/other_7.mp4	35
other/other_8.mp4	35
other/other_9.mp4	35
please/please_1.mp4	36
please/please_10.mp4	36
please/please_11.mp4	36
please/please_12.mp4	36
please/please_13.mp4	36
please/please_14.mp4	36
please/please_15.mp4	36
please/please_2.mp4	36
please/please_3.mp4	36
please/please_4.mp4	36
please/please_5.mp4	36
please/please_6.mp4	36
please/please_7.mp4	36
please/please_8.mp4	36
please/please_9.mp4	36
Read/Read_1.mp4	37
Read/Read_10.mp4	37
Read/Read_12.mp4	37
Read/Read_13.mp4	37
Read/Read_14.mp4	37
Read/Read_15.mp4	37
Read/Read_2.mp4	37
Read/Read_3.mp4	37
Read/Read_4.mp4	37
Read/Read_5.mp4	37
Read/Read_6.mp4	37
Read/Read_7.mp4	37
Read/Read_8.mp4	37
Read/Read_9.mp4	37
Right/Right_1.mp4	38
Right/Right_10.mp4	38
Right/Right_11.mp4	38
Right/Right_12.mp4	38
Right/Right_13.mp4	38
Right/Right_14.mp4	38
Right/Right_15.mp4	38
Right/Right_2.mp4	38
Right/Right_3.mp4	38
Right/Right_4.mp4	38
Right/Right_5.mp4	38
Right/Right_6.mp4	38
Right/Right_7.mp4	38
Right/Right_8.mp4	38
Right/Right_9.mp4	38
Sad/Sad_1.mp4	39
Sad/Sad_10.mp4	39
Sad/Sad_11.mp4	39
Sad/Sad_12.mp4	39
Sad/Sad_13.mp4	39
Sad/Sad_14.mp4	39
Sad/Sad_15.mp4	39
Sad/Sad_2.mp4	39
Sad/Sad_3.mp4	39
Sad/Sad_4.mp4	39
Sad/Sad_5.mp4	39
Sad/Sad_6.mp4	39
Sad/Sad_7.mp4	39
Sad/Sad_8.mp4	39
Sad/sad_9.mp4	39
Saturday/Saturday_1.mp4	40
Saturday/Saturday_10.mp4	40
Saturday/Saturday_11.mp4	40
Saturday/Saturday_12.mp4	40
Saturday/Saturday_13.mp4	40
Saturday/Saturday_14.mp4	40
Saturday/Saturday_15.mp4	40
Saturday/Saturday_2.mp4	40
Saturday/Saturday_3.mp4	40
Saturday/Saturday_4.mp4	40
Saturday/Saturday_5.mp4	40
Saturday/Saturday_6.mp4	40
Saturday/Saturday_7.mp4	40
Saturday/Saturday_8.mp4	40
Saturday/Saturday_9.mp4	40
See/See_1.mp4	41
See/See_10.mp4	41
See/See_12.mp4	41
See/See_13.mp4	41
See/See_14.mp4	41
See/See_15.mp4	41
See/See_2.mp4	41
See/See_3.mp4	41
See/See_4.mp4	41
See/See_5.mp4	41
See/See_6.mp4	41
See/See_7.mp4	41
See/See_8.mp4	41
See/See_9.mp4	41
Sick/Sick_1.mp4	42
Sick/Sick_10.mp4	42
Sick/Sick_11.mp4	42
Sick/Sick_12.mp4	42
Sick/Sick_13.mp4	42
Sick/Sick_14.mp4	42
Sick/Sick_15.mp4	42
Sick/Sick_2.mp4	42
Sick/Sick_3.mp4	42
Sick/Sick_4.mp4	42
Sick/Sick_5.mp4	42
Sick/Sick_6.mp4	42
Sick/Sick_7.mp4	42
Sick/Sick_8.mp4	42
Sick/Sick_9.mp4	42
Sleep/Sleep_1.mp4	43
Sleep/Sleep_10.mp4	43
Sleep/Sleep_11.mp4	43
Sleep/Sleep_12.mp4	43
Sleep/Sleep_13.mp4	43
Sleep/Sleep_14.mp4	43
Sleep/Sleep_15.mp4	43
Sleep/Sleep_2.mp4	43
Sleep/Sleep_3.mp4	43
Sleep/Sleep_4.mp4	43
Sleep/Sleep_5.mp4	43
Sleep/Sleep_6.mp4	43
Sleep/Sleep_7.mp4	43
Sleep/Sleep_8.mp4	43
Sleep/Sleep_9.mp4	43
son_or_daughter/Son_or_daughter_5.mp4	44
son_or_daughter/Son_or_daughter_6.mp4	44
son_or_daughter/son_or_daughter_1.mp4	44
son_or_daughter/son_or_daughter_10.mp4	44
son_or_daughter/son_or_daughter_11.mp4	44
son_or_daughter/son_or_daughter_12.mp4	44
son_or_daughter/son_or_daughter_13.mp4	44
son_or_daughter/son_or_daughter_14.mp4	44
son_or_daughter/son_or_daughter_15.mp4	44
son_or_daughter/son_or_daughter_2.mp4	44
son_or_daughter/son_or_daughter_3.mp4	44
son_or_daughter/son_or_daughter_4.mp4	44
son_or_daughter/son_or_daughter_7.mp4	44
son_or_daughter/son_or_daughter_8.mp4	44
son_or_daughter/son_or_daughter_9.mp4	44
sorry/Sorry_7.mp4	45
sorry/sorry_1.mp4	45
sorry/sorry_10.mp4	45
sorry/sorry_11.mp4	45
sorry/sorry_12.mp4	45
sorry/sorry_13.mp4	45
sorry/sorry_14.mp4	45
sorry/sorry_15.mp4	45
sorry/sorry_2.mp4	45
sorry/sorry_3.mp4	45
sorry/sorry_4.mp4	45
sorry/sorry_5.mp4	45
sorry/sorry_6.mp4	45
sorry/sorry_8.mp4	45
sorry/sorry_9.mp4	45
Speak/Speak_1.mp4	46
Speak/Speak_10.mp4	46
Speak/Speak_11.mp4	46
Speak/Speak_12.mp4	46
Speak/Speak_13.mp4	46
Speak/Speak_14.mp4	46
Speak/Speak_15.mp4	46
Speak/Speak_2.mp4	46
Speak/Speak_3.mp4	46
Speak/Speak_4.mp4	46
Speak/Speak_5.mp4	46
Speak/Speak_6.mp4	46
Speak/Speak_7.mp4	46
Speak/Speak_8.mp4	46
Speak/Speak_9.mp4	46
Spring/Spring_1.mp4	47
Spring/Spring_10.mp4	47
Spring/Spring_11.mp4	47
Spring/Spring_12.mp4	47
Spring/Spring_13.mp4	47
Spring/Spring_14.mp4	47
Spring/Spring_15.mp4	47
Spring/Spring_2.mp4	47
Spring/Spring_3.mp4	47
Spring/Spring_4.mp4	47
Spring/Spring_5.mp4	47
Spring/Spring_6.mp4	47
Spring/Spring_7.mp4	47
Spring/Spring_8.mp4	47
Spring/Spring_9.mp4	47
Summer/Summer_1.mp4	48
Summer/Summer_10.mp4	48
Summer/Summer_11.mp4	48
Summer/Summer_12.mp4	48
Summer/Summer_13.mp4	48
Summer/Summer_14.mp4	48
Summer/Summer_15.mp4	48
Summer/Summer_2.mp4	48
Summer/Summer_3.mp4	48
Summer/Summer_4.mp4	48
Summer/Summer_5.mp4	48
Summer/Summer_6.mp4	48
Summer/Summer_7.mp4	48
Summer/Summer_8.mp4	48
Summer/Summer_9.mp4	48
Sunday/Sunday_1.mp4	49
Sunday/Sunday_10.mp4	49
Sunday/Sunday_11.mp4	49
Sunday/Sunday_12.mp4	49
Sunday/Sunday_13.mp4	49
Sunday/Sunday_14.mp4	49
Sunday/Sunday_15.mp4	49
Sunday/Sunday_2.mp4	49
Sunday/Sunday_3.mp4	49
Sunday/Sunday_4.mp4	49
Sunday/Sunday_5.mp4	49
Sunday/Sunday_6.mp4	49
Sunday/Sunday_7.mp4	49
Sunday/Sunday_8.mp4	49
Sunday/Sunday_9.mp4	49
Surprised/Surprised_1.mp4	50
Surprised/Surprised_10.mp4	50
Surprised/Surprised_11.mp4	50
Surprised/Surprised_12.mp4	50
Surprised/Surprised_13.mp4	50
Surprised/Surprised_14.mp4	50
Surprised/Surprised_15.mp4	50
Surprised/Surprised_2.mp4	50
Surprised/Surprised_3.mp4	50
Surprised/Surprised_4.mp4	50
Surprised/Surprised_5.mp4	50
Surprised/Surprised_6.mp4	50
Surprised/Surprised_7.mp4	50
Surprised/Surprised_8.mp4	50
Surprised/Surprised_9.mp4	50
Tea/Tea_1.mp4	51
Tea/Tea_10.mp4	51
Tea/Tea_11.mp4	51
Tea/Tea_12.mp4	51
Tea/Tea_13.mp4	51
Tea/Tea_14.mp4	51
Tea/Tea_15.mp4	51
Tea/Tea_2.mp4	51
Tea/Tea_3.mp4	51
Tea/Tea_4.mp4	51
Tea/Tea_5.mp4	51
Tea/Tea_6.mp4	51
Tea/Tea_7.mp4	51
Tea/Tea_8.mp4	51
Tea/Tea_9.mp4	51
teacher/Teacher_5.mp4	52
teacher/teacher_1.mp4	52
teacher/teacher_10.mp4	52
teacher/teacher_11.mp4	52
teacher/teacher_12.mp4	52
teacher/teacher_13.mp4	52
teacher/teacher_14.mp4	52
teacher/teacher_15.mp4	52
teacher/teacher_2.mp4	52
teacher/teacher_3.mp4	52
teacher/teacher_4.mp4	52
teacher/teacher_6.mp4	52
teacher/teacher_7.mp4	52
teacher/teacher_8.mp4	52
teacher/teacher_9.mp4	52
thank_you/Thank_you_5.mp4	53
thank_you/Thank_you_6.mp4	53
thank_you/thank_you_1.mp4	53
thank_you/thank_you_10.mp4	53
thank_you/thank_you_11.mp4	53
thank_you/thank_you_12.mp4	53
thank_you/thank_you_13.mp4	53
thank_you/thank_you_14.mp4	53
thank_you/thank_you_15.mp4	53
thank_you/thank_you_2.mp4	53
thank_you/thank_you_3.mp4	53
thank_you/thank_you_4.mp4	53
thank_you/thank_you_7.mp4	53
thank_you/thank_you_8.mp4	53
thank_you/thank_you_9.mp4	53
Three/Three_1.mp4	54
Three/Three_10.mp4	54
Three/Three_11.mp4	54
Three/Three_12.mp4	54
Three/Three_13.mp4	54
Three/Three_14.mp4	54
Three/Three_15.mp4	54
Three/Three_2.mp4	54
Three/Three_3.mp4	54
Three/Three_4.mp4	54
Three/Three_5.mp4	54
Three/Three_6.mp4	54
Three/Three_7.mp4	54
Three/Three_8.mp4	54
Three/Three_9.mp4	54
Thursday/Thursday_1.mp4	55
Thursday/Thursday_10.mp4	55
Thursday/Thursday_11.mp4	55
Thursday/Thursday_12.mp4	55
Thursday/Thursday_13.mp4	55
Thursday/Thursday_14.mp4	55
Thursday/Thursday_15.mp4	55
Thursday/Thursday_2.mp4	55
Thursday/Thursday_3.mp4	55
Thursday/Thursday_4.mp4	55
Thursday/Thursday_5.mp4	55
Thursday/Thursday_6.mp4	55
Thursday/Thursday_7.mp4	55
Thursday/Thursday_8.mp4	55
Thursday/Thursday_9.mp4	55
Tuesday/Tuesday_1.mp4	56
Tuesday/Tuesday_10.mp4	56
Tuesday/Tuesday_11.mp4	56
Tuesday/Tuesday_12.mp4	56
Tuesday/Tuesday_13.mp4	56
Tuesday/Tuesday_14.mp4	56
Tuesday/Tuesday_15.mp4	56
Tuesday/Tuesday_2.mp4	56
Tuesday/Tuesday_3.mp4	56
Tuesday/Tuesday_4.mp4	56
Tuesday/Tuesday_5.mp4	56
Tuesday/Tuesday_6.mp4	56
Tuesday/Tuesday_7.mp4	56
Tuesday/Tuesday_8.mp4	56
Tuesday/Tuesday_9.mp4	56
TV/TV_1.mp4	57
TV/TV_10.mp4	57
TV/TV_11.mp4	57
TV/TV_12.mp4	57
TV/TV_13.mp4	57
TV/TV_14.mp4	57
TV/TV_15.mp4	57
TV/TV_2.mp4	57
TV/TV_3.mp4	57
TV/TV_7.mp4	57
TV/TV_8.mp4	57
TV/TV_9.mp4	57
TV/Tv_4.mp4	57
TV/Tv_5.mp4	57
TV/Tv_6.mp4	57
Two/Two_1.mp4	58
Two/Two_10.mp4	58
Two/Two_11.mp4	58
Two/Two_12.mp4	58
Two/Two_13.mp4	58
Two/Two_14.mp4	58
Two/Two_15.mp4	58
Two/Two_2.mp4	58
Two/Two_3.mp4	58
Two/Two_4.mp4	58
Two/Two_5.mp4	58
Two/Two_6.mp4	58
Two/Two_7.mp4	58
Two/Two_8.mp4	58
Two/Two_9.mp4	58
Up/Up_1.mp4	59
Up/Up_10.mp4	59
Up/Up_11.mp4	59
Up/Up_12.mp4	59
Up/Up_13.mp4	59
Up/Up_14.mp4	59
Up/Up_15.mp4	59
Up/Up_2.mp4	59
Up/Up_3.mp4	59
Up/Up_4.mp4	59
Up/Up_5.mp4	59
Up/Up_6.mp4	59
Up/Up_7.mp4	59
Up/Up_8.mp4	59
Up/Up_9.mp4	59
Water/Water_1.mp4	60
Water/Water_10.mp4	60
Water/Water_11.mp4	60
Water/Water_12.mp4	60
Water/Water_13.mp4	60
Water/Water_14.mp4	60
Water/Water_15.mp4	60
Water/Water_2.mp4	60
Water/Water_3.mp4	60
Water/Water_4.mp4	60
Water/Water_5.mp4	60
Water/Water_6.mp4	60
Water/Water_7.mp4	60
Water/Water_8.mp4	60
Water/Water_9.mp4	60
We/We_1.mp4	61
We/We_10.mp4	61
We/We_11.mp4	61
We/We_12.mp4	61
We/We_13.mp4	61
We/We_14.mp4	61
We/We_15.mp4	61
We/We_2.mp4	61
We/We_3.mp4	61
We/We_4.mp4	61
We/We_5.mp4	61
We/We_6.mp4	61
We/We_7.mp4	61
We/We_8.mp4	61
We/We_9.mp4	61
Wednesday/Wednesday_1.mp4	62
Wednesday/Wednesday_10.mp4	62
Wednesday/Wednesday_11.mp4	62
Wednesday/Wednesday_12.mp4	62
Wednesday/Wednesday_13.mp4	62
Wednesday/Wednesday_14.mp4	62
Wednesday/Wednesday_15.mp4	62
Wednesday/Wednesday_2.mp4	62
Wednesday/Wednesday_3.mp4	62
Wednesday/Wednesday_4.mp4	62
Wednesday/Wednesday_5.mp4	62
Wednesday/Wednesday_6.mp4	62
Wednesday/Wednesday_7.mp4	62
Wednesday/Wednesday_8.mp4	62
Wednesday/Wednesday_9.mp4	62
welcome/Welcome_4.mp4	63
welcome/Welcome_5.mp4	63
welcome/welcome_1.mp4	63
welcome/welcome_10.mp4	63
welcome/welcome_11.mp4	63
welcome/welcome_12.mp4	63
welcome/welcome_13.mp4	63
welcome/welcome_14.mp4	63
welcome/welcome_15.mp4	63
welcome/welcome_2.mp4	63
welcome/welcome_3.mp4	63
welcome/welcome_6.mp4	63
welcome/welcome_7.mp4	63
welcome/welcome_8.mp4	63
welcome/welcome_9.mp4	63
What/What_1.mp4	64
What/What_10.mp4	64
What/What_11.mp4	64
What/What_12.mp4	64
What/What_13.mp4	64
What/What_14.mp4	64
What/What_15.mp4	64
What/What_2.mp4	64
What/What_3.mp4	64
What/What_4.mp4	64
What/What_5.mp4	64
What/What_6.mp4	64
What/What_7.mp4	64
What/What_8.mp4	64
What/What_9.mp4	64
When/When_1.mp4	65
When/When_10.mp4	65
When/When_11.mp4	65
When/When_12.mp4	65
When/When_13.mp4	65
When/When_14.mp4	65
When/When_15.mp4	65
When/When_2.mp4	65
When/When_3.mp4	65
When/When_4.mp4	65
When/When_5.mp4	65
When/When_6.mp4	65
When/When_7.mp4	65
When/When_8.mp4	65
When/When_9.mp4	65
Where/Where_1.mp4	66
Where/Where_10.mp4	66
Where/Where_11.mp4	66
Where/Where_12.mp4	66
Where/Where_13.mp4	66
Where/Where_14.mp4	66
Where/Where_15.mp4	66
Where/Where_2.mp4	66
Where/Where_3.mp4	66
Where/Where_4.mp4	66
Where/Where_5.mp4	66
Where/Where_6.mp4	66
Where/Where_7.mp4	66
Where/Where_8.mp4	66
Where/Where_9.mp4	66
Who/Who_1.mp4	67
Who/Who_10.mp4	67
Who/Who_11.mp4	67
Who/Who_12.mp4	67
Who/Who_13.mp4	67
Who/Who_14.mp4	67
Who/Who_15.mp4	67
Who/Who_2.mp4	67
Who/Who_3.mp4	67
Who/Who_4.mp4	67
Who/Who_5.mp4	67
Who/Who_6.mp4	67
Who/Who_7.mp4	67
Who/Who_8.mp4	67
Who/Who_9.mp4	67
Why/Why_1.mp4	68
Why/Why_10.mp4	68
Why/Why_11.mp4	68
Why/Why_12.mp4	68
Why/Why_13.mp4	68
Why/Why_14.mp4	68
Why/Why_15.mp4	68
Why/Why_2.mp4	68
Why/Why_3.mp4	68
Why/Why_4.mp4	68
Why/Why_5.mp4	68
Why/Why_6.mp4	68
Why/Why_7.mp4	68
Why/Why_8.mp4	68
Why/Why_9.mp4	68
Winter/Winter_1.mp4	69
Winter/Winter_10.mp4	69
Winter/Winter_11.mp4	69
Winter/Winter_12.mp4	69
Winter/Winter_13.mp4	69
Winter/Winter_14.mp4	69
Winter/Winter_15.mp4	69
Winter/Winter_2.mp4	69
Winter/Winter_3.mp4	69
Winter/Winter_4.mp4	69
Winter/Winter_5.mp4	69
Winter/Winter_6.mp4	69
Winter/Winter_7.mp4	69
Winter/Winter_8.mp4	69
Winter/Winter_9.mp4	69
Write/Write_1.mp4	70
Write/Write_10.mp4	70
Write/Write_11.mp4	70
Write/Write_12.mp4	70
Write/Write_13.mp4	70
Write/Write_14.mp4	70
Write/Write_15.mp4	70
Write/Write_2.mp4	70
Write/Write_3.mp4	70
Write/Write_4.mp4	70
Write/Write_5.mp4	70
Write/Write_6.mp4	70
Write/Write_7.mp4	70
Write/Write_8.mp4	70
Write/Write_9.mp4	70
You/You_1.mp4	71
You/You_10.mp4	71
You/You_11.mp4	71
You/You_12.mp4	71
You/You_13.mp4	71
You/You_14.mp4	71
You/You_15.mp4	71
You/You_2.mp4	71
You/You_3.mp4	71
You/You_4.mp4	71
You/You_5.mp4	71
You/You_6.mp4	71
You/You_7.mp4	71
You/You_8.mp4	71
You/You_9.mp4	71
ء/ء_1.mp4	72
ء/ء_10.mp4	72
ء/ء_11.mp4	72
ء/ء_12.mp4	72
ء/ء_13.mp4	72
ء/ء_14.mp4	72
ء/ء_15.mp4	72
ء/ء_2.mp4	72
ء/ء_3.mp4	72
ء/ء_4.mp4	72
ء/ء_5.mp4	72
ء/ء_6.mp4	72
ء/ء_7.mp4	72
ء/ء_8.mp4	72
ء/ء_9.mp4	72
ا/ا_1.mp4	73
ا/ا_10.mp4	73
ا/ا_11.mp4	73
ا/ا_12.mp4	73
ا/ا_13.mp4	73
ا/ا_14.mp4	73
ا/ا_15.mp4	73
ا/ا_2.mp4	73
ا/ا_3.mp4	73
ا/ا_4.mp4	73
ا/ا_5.mp4	73
ا/ا_6.mp4	73
ا/ا_7.mp4	73
ا/ا_8.mp4	73
ا/ا_9.mp4	73
ب/ب_1.mp4	74
ب/ب_10.mp4	74
ب/ب_11.mp4	74
ب/ب_12.mp4	74
ب/ب_13.mp4	74
ب/ب_14.mp4	74
ب/ب_15.mp4	74
ب/ب_2.mp4	74
ب/ب_3.mp4	74
ب/ب_4.mp4	74
ب/ب_5.mp4	74
ب/ب_6.mp4	74
ب/ب_7.mp4	74
ب/ب_8.mp4	74
ب/ب_9.mp4	74
ت/ت_1.mp4	75
ت/ت_10.mp4	75
ت/ت_11.mp4	75
ت/ت_12.mp4	75
ت/ت_13.mp4	75
ت/ت_14.mp4	75
ت/ت_15.mp4	75
ت/ت_2.mp4	75
ت/ت_3.mp4	75
ت/ت_4.mp4	75
ت/ت_5.mp4	75
ت/ت_6.mp4	75
ت/ت_7.mp4	75
ت/ت_8.mp4	75
ت/ت_9.mp4	75
ث/ث_1.mp4	76
ث/ث_10.mp4	76
ث/ث_11.mp4	76
ث/ث_12.mp4	76
ث/ث_13.mp4	76
ث/ث_14.mp4	76
ث/ث_15.mp4	76
ث/ث_2.mp4	76
ث/ث_3.mp4	76
ث/ث_4.mp4	76
ث/ث_5.mp4	76
ث/ث_6.mp4	76
ث/ث_7.mp4	76
ث/ث_8.mp4	76
ث/ث_9.mp4	76
ج/ج_1.mp4	77
ج/ج_10.mp4	77
ج/ج_11.mp4	77
ج/ج_12.mp4	77
ج/ج_13.mp4	77
ج/ج_14.mp4	77
ج/ج_15.mp4	77
ج/ج_2.mp4	77
ج/ج_3.mp4	77
ج/ج_4.mp4	77
ج/ج_5.mp4	77
ج/ج_6.mp4	77
ج/ج_7.mp4	77
ج/ج_8.mp4	77
ج/ج_9.mp4	77
ح/ح_1.mp4	78
ح/ح_10.mp4	78
ح/ح_11.mp4	78
ح/ح_12.mp4	78
ح/ح_13.mp4	78
ح/ح_14.mp4	78
ح/ح_15.mp4	78
ح/ح_2.mp4	78
ح/ح_3.mp4	78
ح/ح_4.mp4	78
ح/ح_5.mp4	78
ح/ح_6.mp4	78
ح/ح_7.mp4	78
ح/ح_8.mp4	78
ح/ح_9.mp4	78
خ/خ_1.mp4	79
خ/خ_10.mp4	79
خ/خ_11.mp4	79
خ/خ_12.mp4	79
خ/خ_13.mp4	79
خ/خ_14.mp4	79
خ/خ_15.mp4	79
خ/خ_2.mp4	79
خ/خ_3.mp4	79
خ/خ_4.mp4	79
خ/خ_5.mp4	79
خ/خ_6.mp4	79
خ/خ_7.mp4	79
خ/خ_8.mp4	79
خ/خ_9.mp4	79
د/د_1.mp4	80
د/د_10.mp4	80
د/د_11.mp4	80
د/د_12.mp4	80
د/د_13.mp4	80
د/د_14.mp4	80
د/د_15.mp4	80
د/د_2.mp4	80
د/د_3.mp4	80
د/د_4.mp4	80
د/د_5.mp4	80
د/د_6.mp4	80
د/د_7.mp4	80
د/د_8.mp4	80
د/د_9.mp4	80
ر/ر_1.mp4	81
ر/ر_10.mp4	81
ر/ر_11.mp4	81
ر/ر_12.mp4	81
ر/ر_13.mp4	81
ر/ر_14.mp4	81
ر/ر_15.mp4	81
ر/ر_2.mp4	81
ر/ر_3.mp4	81
ر/ر_4.mp4	81
ر/ر_5.mp4	81
ر/ر_6.mp4	81
ر/ر_7.mp4	81
ر/ر_8.mp4	81
ر/ر_9.mp4	81
ز/ز_1.mp4	82
ز/ز_10.mp4	82
ز/ز_11.mp4	82
ز/ز_12.mp4	82
ز/ز_13.mp4	82
ز/ز_14.mp4	82
ز/ز_15.mp4	82
ز/ز_2.mp4	82
ز/ز_3.mp4	82
ز/ز_4.mp4	82
ز/ز_5.mp4	82
ز/ز_6.mp4	82
ز/ز_7.mp4	82
ز/ز_8.mp4	82
ز/ز_9.mp4	82
س/س_1.mp4	83
س/س_10.mp4	83
س/س_11.mp4	83
س/س_12.mp4	83
س/س_13.mp4	83
س/س_14.mp4	83
س/س_15.mp4	83
س/س_2.mp4	83
س/س_3.mp4	83
س/س_4.mp4	83
س/س_5.mp4	83
س/س_6.mp4	83
س/س_7.mp4	83
س/س_8.mp4	83
س/س_9.mp4	83
ش/ش_1.mp4	84
ش/ش_10.mp4	84
ش/ش_11.mp4	84
ش/ش_12.mp4	84
ش/ش_13.mp4	84
ش/ش_14.mp4	84
ش/ش_15.mp4	84
ش/ش_2.mp4	84
ش/ش_3.mp4	84
ش/ش_4.mp4	84
ش/ش_5.mp4	84
ش/ش_6.mp4	84
ش/ش_7.mp4	84
ش/ش_8.mp4	84
ش/ش_9.mp4	84
ض/ض_1.mp4	85
ض/ض_10.mp4	85
ض/ض_11.mp4	85
ض/ض_12.mp4	85
ض/ض_13.mp4	85
ض/ض_14.mp4	85
ض/ض_15.mp4	85
ض/ض_2.mp4	85
ض/ض_3.mp4	85
ض/ض_4.mp4	85
ض/ض_5.mp4	85
ض/ض_6.mp4	85
ض/ض_7.mp4	85
ض/ض_8.mp4	85
ض/ض_9.mp4	85
ط/ط_1.mp4	86
ط/ط_10.mp4	86
ط/ط_11.mp4	86
ط/ط_12.mp4	86
ط/ط_13.mp4	86
ط/ط_14.mp4	86
ط/ط_15.mp4	86
ط/ط_2.mp4	86
ط/ط_3.mp4	86
ط/ط_4.mp4	86
ط/ط_5.mp4	86
ط/ط_6.mp4	86
ط/ط_7.mp4	86
ط/ط_8.mp4	86
ط/ط_9.mp4	86
ع/ع_1.mp4	87
ع/ع_10.mp4	87
ع/ع_11.mp4	87
ع/ع_12.mp4	87
ع/ع_13.mp4	87
ع/ع_14.mp4	87
ع/ع_15.mp4	87
ع/ع_2.mp4	87
ع/ع_3.mp4	87
ع/ع_4.mp4	87
ع/ع_5.mp4	87
ع/ع_6.mp4	87
ع/ع_7.mp4	87
ع/ع_8.mp4	87
ع/ع_9.mp4	87
غ/غ_1.mp4	88
غ/غ_10.mp4	88
غ/غ_11.mp4	88
غ/غ_12.mp4	88
غ/غ_13.mp4	88
غ/غ_14.mp4	88
غ/غ_15.mp4	88
غ/غ_2.mp4	88
غ/غ_3.mp4	88
غ/غ_4.mp4	88
غ/غ_5.mp4	88
غ/غ_6.mp4	88
غ/غ_7.mp4	88
غ/غ_8.mp4	88
غ/غ_9.mp4	88
ف/ف_1.mp4	89
ف/ف_10.mp4	89
ف/ف_11.mp4	89
ف/ف_12.mp4	89
ف/ف_13.mp4	89
ف/ف_14.mp4	89
ف/ف_15.mp4	89
ف/ف_2.mp4	89
ف/ف_3.mp4	89
ف/ف_4.mp4	89
ف/ف_5.mp4	89
ف/ف_6.mp4	89
ف/ف_7.mp4	89
ف/ف_8.mp4	89
ف/ف_9.mp4	89
ل/ل_1.mp4	90
ل/ل_10.mp4	90
ل/ل_11.mp4	90
ل/ل_12.mp4	90
ل/ل_13.mp4	90
ل/ل_14.mp4	90
ل/ل_15.mp4	90
ل/ل_2.mp4	90
ل/ل_3.mp4	90
ل/ل_4.mp4	90
ل/ل_5.mp4	90
ل/ل_6.mp4	90
ل/ل_7.mp4	90
ل/ل_8.mp4	90
ل/ل_9.mp4	90
م/م_1.mp4	91
م/م_10.mp4	91
م/م_11.mp4	91
م/م_12.mp4	91
م/م_13.mp4	91
م/م_14.mp4	91
م/م_15.mp4	91
م/م_2.mp4	91
م/م_3.mp4	91
م/م_4.mp4	91
م/م_5.mp4	91
م/م_6.mp4	91
م/م_7.mp4	91
م/م_8.mp4	91
م/م_9.mp4	91
ن/ن_1.mp4	92
ن/ن_10.mp4	92
ن/ن_11.mp4	92
ن/ن_12.mp4	92
ن/ن_13.mp4	92
ن/ن_14.mp4	92
ن/ن_15.mp4	92
ن/ن_2.mp4	92
ن/ن_3.mp4	92
ن/ن_4.mp4	92
ن/ن_5.mp4	92
ن/ن_6.mp4	92
ن/ن_7.mp4	92
ن/ن_8.mp4	92
ن/ن_9.mp4	92
و/و_1.mp4	93
و/و_10.mp4	93
و/و_11.mp4	93
و/و_12.mp4	93
و/و_13.mp4	93
و/و_14.mp4	93
و/و_15.mp4	93
و/و_2.mp4	93
و/و_3.mp4	93
و/و_4.mp4	93
و/و_5.mp4	93
و/و_6.mp4	93
و/و_7.mp4	93
و/و_8.mp4	93
و/و_9.mp4	93
پ/پ_1.mp4	94
پ/پ_10.mp4	94
پ/پ_11.mp4	94
پ/پ_12.mp4	94
پ/پ_13.mp4	94
پ/پ_14.mp4	94
پ/پ_15.mp4	94
پ/پ_2.mp4	94
پ/پ_3.mp4	94
پ/پ_4.mp4	94
پ/پ_5.mp4	94
پ/پ_6.mp4	94
پ/پ_7.mp4	94
پ/پ_8.mp4	94
پ/پ_9.mp4	94
چ/چ_1.mp4	95
چ/چ_10.mp4	95
چ/چ_11.mp4	95
چ/چ_12.mp4	95
چ/چ_13.mp4	95
چ/چ_14.mp4	95
چ/چ_15.mp4	95
چ/چ_2.mp4	95
چ/چ_3.mp4	95
چ/چ_4.mp4	95
چ/چ_5.mp4	95
چ/چ_6.mp4	95
چ/چ_7.mp4	95
چ/چ_8.mp4	95
چ/چ_9.mp4	95
ڈ/ڈ_1.mp4	96
ڈ/ڈ_10.mp4	96
ڈ/ڈ_11.mp4	96
ڈ/ڈ_12.mp4	96
ڈ/ڈ_13.mp4	96
ڈ/ڈ_14.mp4	96
ڈ/ڈ_15.mp4	96
ڈ/ڈ_2.mp4	96
ڈ/ڈ_3.mp4	96
ڈ/ڈ_4.mp4	96
ڈ/ڈ_5.mp4	96
ڈ/ڈ_6.mp4	96
ڈ/ڈ_7.mp4	96
ڈ/ڈ_8.mp4	96
ڈ/ڈ_9.mp4	96
ڑ/ڑ_1.mp4	97
ڑ/ڑ_10.mp4	97
ڑ/ڑ_11.mp4	97
ڑ/ڑ_12.mp4	97
ڑ/ڑ_13.mp4	97
ڑ/ڑ_14.mp4	97
ڑ/ڑ_15.mp4	97
ڑ/ڑ_2.mp4	97
ڑ/ڑ_3.mp4	97
ڑ/ڑ_4.mp4	97
ڑ/ڑ_5.mp4	97
ڑ/ڑ_6.mp4	97
ڑ/ڑ_7.mp4	97
ڑ/ڑ_8.mp4	97
ڑ/ڑ_9.mp4	97
ک/ک_1.mp4	98
ک/ک_10.mp4	98
ک/ک_11.mp4	98
ک/ک_12.mp4	98
ک/ک_13.mp4	98
ک/ک_14.mp4	98
ک/ک_15.mp4	98
ک/ک_2.mp4	98
ک/ک_3.mp4	98
ک/ک_4.mp4	98
ک/ک_5.mp4	98
ک/ک_6.mp4	98
ک/ک_7.mp4	98
ک/ک_8.mp4	98
ک/ک_9.mp4	98
گ/گ_1.mp4	99
گ/گ_10.mp4	99
گ/گ_11.mp4	99
گ/گ_12.mp4	99
گ/گ_13.mp4	99
گ/گ_14.mp4	99
گ/گ_15.mp4	99
گ/گ_2.mp4	99
گ/گ_3.mp4	99
گ/گ_4.mp4	99
گ/گ_5.mp4	99
گ/گ_6.mp4	99
گ/گ_7.mp4	99
گ/گ_8.mp4	99
گ/گ_9.mp4	99
ھ/ھ_1.mp4	100
ھ/ھ_10.mp4	100
ھ/ھ_11.mp4	100
ھ/ھ_12.mp4	100
ھ/ھ_13.mp4	100
ھ/ھ_14.mp4	100
ھ/ھ_15.mp4	100
ھ/ھ_2.mp4	100
ھ/ھ_3.mp4	100
ھ/ھ_4.mp4	100
ھ/ھ_5.mp4	100
ھ/ھ_6.mp4	100
ھ/ھ_7.mp4	100
ھ/ھ_8.mp4	100
ھ/ھ_9.mp4	100
ہ/ہ_1.mp4	101
ہ/ہ_10.mp4	101
ہ/ہ_11.mp4	101
ہ/ہ_12.mp4	101
ہ/ہ_13.mp4	101
ہ/ہ_14.mp4	101
ہ/ہ_15.mp4	101
ہ/ہ_2.mp4	101
ہ/ہ_3.mp4	101
ہ/ہ_4.mp4	101
ہ/ہ_5.mp4	101
ہ/ہ_6.mp4	101
ہ/ہ_7.mp4	101
ہ/ہ_8.mp4	101
ہ/ہ_9.mp4	101
ی/ی_1.mp4	102
ی/ی_10.mp4	102
ی/ی_11.mp4	102
ی/ی_12.mp4	102
ی/ی_13.mp4	102
ی/ی_14.mp4	102
ی/ی_15.mp4	102
ی/ی_2.mp4	102
ی/ی_3.mp4	102
ی/ی_4.mp4	102
ی/ی_5.mp4	102
ی/ی_6.mp4	102
ی/ی_7.mp4	102
ی/ی_8.mp4	102
ی/ی_9.mp4	102
ے/ے_1.mp4	103
ے/ے_10.mp4	103
ے/ے_11.mp4	103
ے/ے_12.mp4	103
ے/ے_13.mp4	103
ے/ے_14.mp4	103
ے/ے_15.mp4	103
ے/ے_2.mp4	103
ے/ے_3.mp4	103
ے/ے_4.mp4	103
ے/ے_5.mp4	103
ے/ے_6.mp4	103
ے/ے_7.mp4	103
ے/ے_8.mp4	103
ے/ے_9.mp4	103
